Customer_ID,Visit_Date,Seating_Region,Num_Tickets,Merchandise_Spend,Drink_Spend,Repeat_Visit,Satisfaction_Score,Recommendation_Likelihood,Total_Ticket_Revenue,Total_Revenue
CUST_0001,2025-06-08,VIP,2,35.5,4.94,0,10.0,8,400,440.44
CUST_0002,2025-04-10,Premium,4,96.09,8.37,1,7.9,10,600,704.46
CUST_0003,2025-04-11,Premium,2,37.05,0.38,0,8.3,10,300,337.43
CUST_0004,2025-02-09,High Economy,4,34.22,16.79,0,7.3,8,400,451.01000000000005
CUST_0005,2025-02-20,High Economy,1,63.07,38.77,1,8.2,8,100,201.84
CUST_0006,2025-07-27,Premium,3,34.56,17.37,0,8.2,8,450,501.93
CUST_0007,2025-07-01,VIP,2,6.81,20.0,1,9.4,8,400,426.81
CUST_0008,2025-06-14,VIP,2,71.64,62.26,0,8.1,10,400,533.9
CUST_0009,2025-01-29,Economy,4,87.49,5.1,0,8.2,8,240,332.59000000000003
CUST_0010,2025-05-29,Premium,4,41.95,38.67,1,8.8,7,600,680.62
CUST_0011,2025-02-04,High Economy,2,60.59,14.21,0,9.3,4,200,274.8
CUST_0012,2025-08-01,Economy,4,38.5,8.39,1,6.5,7,240,286.89
CUST_0013,2025-06-27,High Economy,2,55.28,21.44,0,6.1,6,200,276.72
CUST_0014,2025-07-04,Economy,2,22.64,9.86,0,10.0,8,120,152.5
CUST_0015,2025-06-25,Premium,2,201.45,10.49,1,9.1,6,300,511.94
CUST_0016,2025-07-18,Economy,1,167.97,31.23,0,7.7,9,60,259.2
CUST_0017,2025-07-08,VIP,4,19.63,34.44,1,8.0,10,800,854.0699999999999
CUST_0018,2025-01-02,VIP,3,48.16,17.11,0,7.4,8,600,665.27
CUST_0019,2025-01-22,High Economy,3,57.6,54.71,0,8.3,7,300,412.31
CUST_0020,2025-08-06,Economy,4,59.44,11.69,0,6.5,8,240,311.13
CUST_0021,2025-02-19,Economy,2,97.61,68.6,1,9.3,10,120,286.21000000000004
CUST_0022,2025-06-17,VIP,3,31.27,42.89,0,8.3,10,600,674.16
CUST_0023,2025-04-22,Premium,3,68.39,41.68,0,8.3,6,450,560.0699999999999
CUST_0024,2025-06-05,Economy,4,43.24,27.79,1,6.7,6,240,311.03000000000003
CUST_0025,2025-03-31,Premium,3,13.9,24.69,1,8.8,6,450,488.59
CUST_0026,2025-04-10,Economy,2,81.34,20.07,0,6.7,6,120,221.41
CUST_0027,2025-01-17,Economy,4,47.91,39.33,0,7.0,8,240,327.23999999999995
CUST_0028,2025-01-14,High Economy,2,41.27,36.13,0,8.1,7,200,277.40000000000003
CUST_0029,2025-03-14,Premium,3,45.78,22.67,0,10.0,7,450,518.4499999999999
CUST_0030,2025-03-01,High Economy,3,82.47,11.66,0,8.3,10,300,394.13000000000005
CUST_0031,2025-08-31,Premium,2,26.76,3.76,0,4.1,9,300,330.52
CUST_0032,2025-04-20,Economy,1,15.04,27.82,0,7.0,5,60,102.85999999999999
CUST_0033,2025-04-09,High Economy,3,32.72,18.09,1,9.0,10,300,350.81
CUST_0034,2025-02-04,Economy,1,58.66,29.3,1,6.3,9,60,147.96
CUST_0035,2025-02-01,VIP,3,31.32,32.74,0,9.2,9,600,664.0600000000001
CUST_0036,2025-05-10,Economy,1,64.36,1.12,0,8.2,7,60,125.48
CUST_0037,2025-08-11,High Economy,1,68.31,10.83,0,9.5,8,100,179.14000000000001
CUST_0038,2025-06-22,VIP,1,43.77,12.2,0,7.2,5,200,255.97
CUST_0039,2025-05-04,VIP,2,67.38,4.81,1,7.0,9,400,472.19
CUST_0040,2025-02-16,Economy,1,48.38,23.19,0,8.8,7,60,131.57
CUST_0041,2025-02-03,High Economy,1,51.72,27.57,0,8.0,7,100,179.29
CUST_0042,2025-06-14,Economy,1,66.15,19.6,0,7.9,7,60,145.75
CUST_0043,2025-03-12,VIP,3,53.82,4.3,0,10.0,10,600,658.12
CUST_0044,2025-07-23,VIP,1,12.34,25.09,0,8.9,7,200,237.43
CUST_0045,2025-04-21,High Economy,3,149.42,11.66,0,5.0,9,300,461.08
CUST_0046,2025-03-27,Premium,1,54.76,10.64,0,9.2,8,150,215.39999999999998
CUST_0047,2025-08-11,High Economy,1,24.55,34.62,0,9.0,7,100,159.17
CUST_0048,2025-05-31,Economy,2,68.84,48.31,1,9.8,7,120,237.15
CUST_0049,2025-07-30,Economy,3,154.3,26.13,1,6.6,7,180,360.43
CUST_0050,2025-08-21,Economy,1,29.41,11.76,0,8.5,8,60,101.17
CUST_0051,2025-01-31,Economy,3,178.46,13.98,0,8.2,9,180,372.44000000000005
CUST_0052,2025-07-06,Premium,3,86.2,29.4,0,6.6,7,450,565.6
CUST_0053,2025-03-30,High Economy,4,9.39,3.32,0,9.4,7,400,412.71
CUST_0054,2025-03-21,High Economy,2,186.79,80.65,0,7.6,7,200,467.43999999999994
CUST_0055,2025-08-04,Economy,2,9.48,17.52,0,9.7,6,120,147.0
CUST_0056,2025-05-29,VIP,2,56.85,16.56,0,6.9,6,400,473.41
CUST_0057,2025-09-08,High Economy,4,44.99,16.32,0,5.8,10,400,461.31
CUST_0058,2025-08-24,VIP,4,20.26,7.74,0,7.6,7,800,828.0
CUST_0059,2025-06-30,High Economy,2,76.91,35.46,0,8.3,7,200,312.36999999999995
CUST_0060,2025-07-05,Economy,4,119.14,22.67,1,7.2,7,240,381.81
CUST_0061,2025-07-14,Economy,4,13.3,2.52,0,3.4,8,240,255.82000000000002
CUST_0062,2025-08-07,Premium,4,136.56,23.71,0,8.6,9,600,760.27
CUST_0063,2025-07-10,Economy,2,85.47,30.52,0,8.6,7,120,235.99
CUST_0064,2025-02-04,High Economy,2,130.47,26.68,1,9.0,8,200,357.15000000000003
CUST_0065,2025-03-04,VIP,2,49.04,23.29,1,7.4,10,400,472.33000000000004
CUST_0066,2025-04-28,Premium,4,183.93,40.01,1,7.3,7,600,823.94
CUST_0067,2025-04-07,Premium,2,64.83,12.34,0,10.0,7,300,377.16999999999996
CUST_0068,2025-01-09,VIP,4,62.45,16.14,0,5.6,9,800,878.59
CUST_0069,2025-01-11,Economy,1,60.93,6.59,1,7.6,10,60,127.52000000000001
CUST_0070,2025-04-23,High Economy,4,11.15,70.84,0,8.2,6,400,481.99
CUST_0071,2025-08-17,Economy,3,76.36,5.85,0,8.9,5,180,262.21000000000004
CUST_0072,2025-03-31,Premium,2,17.79,26.67,1,8.3,8,300,344.46000000000004
CUST_0073,2025-07-11,VIP,2,20.99,11.33,0,6.6,8,400,432.32
CUST_0074,2025-05-22,High Economy,3,6.84,16.47,0,9.8,9,300,323.30999999999995
CUST_0075,2025-06-20,VIP,4,8.6,0.98,0,8.0,9,800,809.58
CUST_0076,2025-01-03,High Economy,1,117.42,27.64,0,5.5,8,100,245.06
CUST_0077,2025-08-16,Economy,3,44.99,66.32,0,8.3,10,180,291.31
CUST_0078,2025-06-22,High Economy,3,63.91,27.11,0,8.7,7,300,391.02
CUST_0079,2025-04-29,High Economy,4,98.22,0.41,1,10.0,8,400,498.63000000000005
CUST_0080,2025-05-15,Premium,2,26.14,22.76,0,8.6,6,300,348.9
CUST_0081,2025-01-21,VIP,4,30.28,4.43,1,5.8,8,800,834.7099999999999
CUST_0082,2025-09-06,VIP,3,104.21,5.6,0,5.8,6,600,709.8100000000001
CUST_0083,2025-07-04,High Economy,3,35.42,26.55,0,9.9,6,300,361.97
CUST_0084,2025-04-27,VIP,2,123.52,22.92,1,6.8,10,400,546.4399999999999
CUST_0085,2025-04-30,Premium,2,49.92,28.97,1,5.7,5,300,378.89
CUST_0086,2025-08-10,High Economy,2,117.22,23.06,0,9.5,8,200,340.28000000000003
CUST_0087,2025-07-08,Premium,4,36.16,17.01,1,7.3,9,600,653.17
CUST_0088,2025-06-14,Premium,2,125.94,28.04,1,9.4,10,300,453.98
CUST_0089,2025-01-14,Premium,3,14.81,3.52,1,6.6,8,450,468.33
CUST_0090,2025-07-28,Economy,3,68.43,33.73,0,10.0,8,180,282.16
CUST_0091,2025-07-11,High Economy,1,33.82,4.59,1,9.3,8,100,138.41
CUST_0092,2025-09-05,High Economy,4,48.83,22.19,1,6.9,10,400,471.02
CUST_0093,2025-06-25,VIP,1,84.34,41.46,1,5.5,9,200,325.8
CUST_0094,2025-03-25,Economy,3,44.1,6.14,0,10.0,7,180,230.23999999999998
CUST_0095,2025-05-17,High Economy,1,91.02,29.71,0,7.7,10,100,220.73
CUST_0096,2025-07-07,Premium,3,97.02,27.13,0,6.9,7,450,574.15
CUST_0097,2025-05-22,Economy,1,46.07,18.75,0,10.0,6,60,124.82
CUST_0098,2025-08-06,Premium,2,86.69,2.43,1,9.4,6,300,389.12
CUST_0099,2025-02-03,High Economy,1,40.21,22.55,0,9.8,8,100,162.76000000000002
CUST_0100,2025-02-12,High Economy,2,56.27,19.32,0,7.9,8,200,275.59
CUST_0101,2025-04-18,Premium,2,77.84,31.16,1,10.0,9,300,409.00000000000006
CUST_0102,2025-03-05,Economy,4,31.15,6.28,0,6.0,9,240,277.42999999999995
CUST_0103,2025-07-29,Economy,2,12.86,40.04,0,7.2,8,120,172.9
CUST_0104,2025-05-06,High Economy,2,25.45,18.42,0,8.6,10,200,243.87
CUST_0105,2025-01-09,Premium,1,33.78,15.68,0,9.8,8,150,199.46
CUST_0106,2025-01-22,VIP,3,101.63,41.37,0,9.0,6,600,743.0
CUST_0107,2025-05-02,Premium,4,38.46,33.88,1,7.9,6,600,672.34
CUST_0108,2025-01-11,Economy,2,87.99,33.44,0,7.3,10,120,241.43
CUST_0109,2025-01-16,Premium,4,3.21,8.05,0,9.8,5,600,611.26
CUST_0110,2025-02-23,High Economy,1,19.04,25.39,0,9.1,8,100,144.43
CUST_0111,2025-04-14,Economy,2,35.54,3.43,0,6.7,10,120,158.97
CUST_0112,2025-07-19,VIP,1,130.67,9.49,0,6.6,9,200,340.15999999999997
CUST_0113,2025-02-18,High Economy,4,56.5,10.14,0,7.2,8,400,466.64
CUST_0114,2025-08-24,VIP,1,20.66,28.59,0,7.0,6,200,249.25
CUST_0115,2025-08-17,Economy,4,7.86,36.69,1,9.5,10,240,284.55
CUST_0116,2025-01-19,High Economy,1,63.15,16.95,0,8.7,10,100,180.1
CUST_0117,2025-07-07,Premium,4,23.04,13.69,0,8.8,9,600,636.73
CUST_0118,2025-08-11,Premium,3,28.3,30.45,1,8.3,8,450,508.75
CUST_0119,2025-05-11,High Economy,1,19.98,18.73,0,8.4,9,100,138.71
CUST_0120,2025-04-24,Economy,1,23.38,18.57,0,5.6,8,60,101.94999999999999
CUST_0121,2025-05-04,Economy,3,15.97,10.08,0,9.2,7,180,206.05
CUST_0122,2025-03-19,High Economy,3,48.5,18.95,0,7.2,9,300,367.45
CUST_0123,2025-05-06,VIP,1,59.12,6.63,0,8.0,8,200,265.75
CUST_0124,2025-02-16,Premium,3,23.85,10.81,0,7.3,9,450,484.66
CUST_0125,2025-04-16,VIP,2,150.57,44.46,0,8.2,8,400,595.03
CUST_0126,2025-05-14,High Economy,4,73.47,15.04,0,8.9,9,400,488.51000000000005
CUST_0127,2025-04-17,Economy,4,6.04,27.76,0,6.5,8,240,273.8
CUST_0128,2025-01-08,High Economy,4,55.34,10.67,0,8.4,8,400,466.01000000000005
CUST_0129,2025-01-24,Premium,2,62.61,43.23,1,7.3,8,300,405.84000000000003
CUST_0130,2025-05-26,High Economy,3,65.03,14.6,1,10.0,10,300,379.63
CUST_0131,2025-03-30,Economy,3,48.28,43.89,1,6.3,9,180,272.17
CUST_0132,2025-06-29,Economy,1,84.99,8.42,0,6.5,10,60,153.41
CUST_0133,2025-03-23,Economy,3,106.41,11.85,0,7.5,8,180,298.26
CUST_0134,2025-05-22,Premium,1,73.83,13.53,0,6.6,8,150,237.35999999999999
CUST_0135,2025-02-04,Premium,2,121.53,12.16,0,7.7,6,300,433.69
CUST_0136,2025-07-14,Economy,4,95.8,31.32,0,7.2,10,240,367.12
CUST_0137,2025-02-10,High Economy,4,41.84,31.04,0,8.1,7,400,472.88000000000005
CUST_0138,2025-08-31,Premium,4,64.81,20.43,0,9.5,10,600,685.2399999999999
CUST_0139,2025-08-31,Economy,3,75.84,27.56,0,8.1,7,180,283.4
CUST_0140,2025-08-25,Economy,1,103.57,83.29,1,8.2,9,60,246.86
CUST_0141,2025-05-21,High Economy,1,46.25,23.3,0,6.4,6,100,169.55
CUST_0142,2025-06-27,High Economy,2,61.04,30.42,0,7.8,7,200,291.46000000000004
CUST_0143,2025-03-28,Premium,3,7.57,8.76,0,7.4,8,450,466.33
CUST_0144,2025-07-08,High Economy,2,35.59,10.7,0,9.0,7,200,246.29
CUST_0145,2025-02-17,High Economy,1,2.09,5.26,0,6.9,8,100,107.35000000000001
CUST_0146,2025-08-01,Economy,1,22.68,19.02,0,6.7,8,60,101.7
CUST_0147,2025-04-15,Economy,4,28.2,17.76,0,8.5,9,240,285.96
CUST_0148,2025-06-13,Economy,3,75.58,3.74,1,10.0,5,180,259.32
CUST_0149,2025-05-28,VIP,1,26.25,19.95,1,7.7,7,200,246.2
CUST_0150,2025-07-08,Economy,4,48.6,22.38,1,8.3,10,240,310.98
CUST_0151,2025-02-17,Economy,3,65.09,34.58,1,9.4,9,180,279.67
CUST_0152,2025-03-26,High Economy,2,47.45,12.85,0,8.8,10,200,260.3
CUST_0153,2025-02-08,Economy,3,30.97,28.79,0,8.8,9,180,239.76
CUST_0154,2025-02-02,Economy,3,136.96,26.21,0,7.9,6,180,343.17
CUST_0155,2025-06-26,High Economy,1,88.45,25.9,0,7.9,9,100,214.35
CUST_0156,2025-02-03,High Economy,1,45.12,7.84,0,6.9,8,100,152.96
CUST_0157,2025-05-20,VIP,3,36.2,15.62,1,8.7,10,600,651.82
CUST_0158,2025-06-13,Premium,1,63.25,37.71,0,8.7,9,150,250.96
CUST_0159,2025-06-28,High Economy,1,62.8,31.39,0,9.1,9,100,194.19
CUST_0160,2025-07-06,Economy,1,54.13,4.01,0,7.3,9,60,118.14
CUST_0161,2025-05-18,Premium,4,30.76,26.81,1,9.2,9,600,657.5699999999999
CUST_0162,2025-02-23,VIP,4,4.28,3.28,0,9.7,9,800,807.56
CUST_0163,2025-05-07,High Economy,3,62.75,12.81,1,6.2,8,300,375.56
CUST_0164,2025-01-23,VIP,1,24.95,22.36,1,7.6,9,200,247.31
CUST_0165,2025-08-19,Premium,4,133.98,22.97,1,9.8,9,600,756.95
CUST_0166,2025-04-15,VIP,3,18.37,3.77,1,7.0,10,600,622.14
CUST_0167,2025-08-21,Premium,1,37.57,7.54,1,8.8,9,150,195.10999999999999
CUST_0168,2025-01-04,Premium,2,131.2,49.78,0,8.0,10,300,480.98
CUST_0169,2025-05-19,Premium,1,37.38,5.31,0,8.5,10,150,192.69
CUST_0170,2025-03-05,High Economy,1,25.14,9.8,0,8.1,9,100,134.94
CUST_0171,2025-04-13,Economy,4,103.37,0.27,0,9.1,6,240,343.64
CUST_0172,2025-03-15,High Economy,3,124.0,56.2,1,6.5,6,300,480.2
CUST_0173,2025-01-10,Economy,3,8.11,6.29,0,6.6,8,180,194.4
CUST_0174,2025-02-11,VIP,4,96.11,7.82,1,10.0,8,800,903.9300000000001
CUST_0175,2025-03-15,Premium,1,91.28,3.27,0,10.0,10,150,244.55
CUST_0176,2025-03-14,Economy,2,43.85,15.01,0,8.0,4,120,178.85999999999999
CUST_0177,2025-07-04,VIP,1,18.72,12.3,1,10.0,7,200,231.02
CUST_0178,2025-04-26,High Economy,1,137.35,43.2,0,6.8,8,100,280.55
CUST_0179,2025-06-08,High Economy,2,4.28,40.37,0,7.2,7,200,244.65
CUST_0180,2025-06-23,High Economy,4,24.66,59.94,0,10.0,7,400,484.6
CUST_0181,2025-07-24,VIP,3,84.16,25.18,0,9.2,7,600,709.3399999999999
CUST_0182,2025-07-06,Premium,4,8.06,6.03,0,10.0,7,600,614.0899999999999
CUST_0183,2025-01-08,High Economy,4,39.46,16.25,0,8.7,7,400,455.71
CUST_0184,2025-03-24,VIP,1,44.18,7.67,0,6.5,10,200,251.85
CUST_0185,2025-03-15,High Economy,3,119.72,4.22,1,8.3,9,300,423.94000000000005
CUST_0186,2025-06-28,Economy,3,84.45,52.28,1,9.8,9,180,316.73
CUST_0187,2025-04-05,Economy,4,88.75,29.22,0,7.8,8,240,357.97
CUST_0188,2025-08-09,Premium,2,8.83,26.3,0,7.6,10,300,335.13
CUST_0189,2025-01-10,Economy,4,40.61,3.27,1,8.7,9,240,283.88
CUST_0190,2025-02-09,High Economy,2,69.32,20.71,0,7.2,9,200,290.03
CUST_0191,2025-03-15,Premium,3,106.57,12.43,0,8.4,7,450,568.9999999999999
CUST_0192,2025-08-09,VIP,4,13.69,18.68,0,8.1,7,800,832.37
CUST_0193,2025-03-06,Economy,1,38.52,2.0,1,7.3,10,60,100.52000000000001
CUST_0194,2025-03-21,Premium,4,165.31,24.92,0,9.5,7,600,790.2299999999999
CUST_0195,2025-07-09,Premium,3,26.9,1.45,0,9.0,6,450,478.34999999999997
CUST_0196,2025-07-25,VIP,1,76.61,14.8,0,7.5,7,200,291.41
CUST_0197,2025-07-11,Economy,1,93.29,21.19,0,8.0,10,60,174.48000000000002
CUST_0198,2025-06-05,Economy,2,77.15,29.11,0,7.6,7,120,226.26
CUST_0199,2025-07-19,Economy,1,102.18,22.56,0,7.0,9,60,184.74
CUST_0200,2025-01-24,Premium,1,8.14,26.11,1,5.5,7,150,184.25
CUST_0201,2025-08-07,Premium,4,79.03,22.06,1,7.3,9,600,701.0899999999999
CUST_0202,2025-06-20,High Economy,3,42.97,7.89,0,7.1,9,300,350.86
CUST_0203,2025-03-22,High Economy,2,48.59,3.2,0,8.2,6,200,251.79
CUST_0204,2025-01-24,Premium,4,59.87,37.33,0,8.7,8,600,697.2
CUST_0205,2025-07-09,High Economy,1,71.19,46.14,1,6.8,6,100,217.32999999999998
CUST_0206,2025-06-04,Economy,1,42.49,14.26,1,8.6,7,60,116.75000000000001
CUST_0207,2025-07-22,Economy,2,50.19,9.42,0,6.6,8,120,179.60999999999999
CUST_0208,2025-06-12,Economy,3,9.42,1.95,0,7.8,10,180,191.36999999999998
CUST_0209,2025-05-31,Economy,2,11.87,10.99,1,7.1,9,120,142.86
CUST_0210,2025-03-25,Premium,4,92.66,8.56,0,9.1,7,600,701.2199999999999
CUST_0211,2025-05-24,High Economy,2,110.37,5.02,0,8.2,8,200,315.39
CUST_0212,2025-05-04,Economy,1,102.98,39.22,0,7.8,9,60,202.20000000000002
CUST_0213,2025-05-17,Premium,4,58.11,26.61,0,7.1,7,600,684.72
CUST_0214,2025-04-30,Economy,1,134.77,27.0,0,7.5,10,60,221.77
CUST_0215,2025-03-08,High Economy,3,122.71,15.01,1,10.0,7,300,437.71999999999997
CUST_0216,2025-06-10,High Economy,1,108.48,7.02,0,7.2,7,100,215.50000000000003
CUST_0217,2025-06-14,High Economy,1,49.29,18.74,0,8.7,7,100,168.03
CUST_0218,2025-03-09,Economy,2,79.87,17.51,0,7.8,6,120,217.38
CUST_0219,2025-07-17,Economy,1,50.23,3.08,0,8.7,5,60,113.30999999999999
CUST_0220,2025-05-27,VIP,4,58.24,27.06,0,9.3,8,800,885.3
CUST_0221,2025-08-04,Economy,4,79.76,16.42,0,7.5,8,240,336.18
CUST_0222,2025-04-17,Premium,3,141.74,17.54,1,9.1,8,450,609.28
CUST_0223,2025-04-20,Premium,4,65.05,9.77,0,10.0,8,600,674.8199999999999
CUST_0224,2025-03-25,High Economy,2,14.31,12.9,0,8.9,10,200,227.21
CUST_0225,2025-04-06,High Economy,3,196.25,27.22,0,10.0,8,300,523.47
CUST_0226,2025-02-16,High Economy,4,43.38,48.09,0,8.7,6,400,491.47
CUST_0227,2025-08-05,Economy,2,15.21,49.39,1,6.6,6,120,184.60000000000002
CUST_0228,2025-06-10,Economy,4,60.02,12.17,0,8.4,8,240,312.19
CUST_0229,2025-09-02,High Economy,4,83.27,15.63,1,7.5,7,400,498.9
CUST_0230,2025-04-08,VIP,1,111.31,35.09,0,7.1,6,200,346.4
CUST_0231,2025-07-23,Economy,4,62.53,8.32,1,7.9,8,240,310.84999999999997
CUST_0232,2025-05-29,Economy,4,35.45,5.09,0,7.8,8,240,280.53999999999996
CUST_0233,2025-07-30,Economy,2,60.28,19.08,0,6.4,10,120,199.36
CUST_0234,2025-06-15,VIP,2,58.44,22.94,0,10.0,7,400,481.38
CUST_0235,2025-04-09,VIP,1,84.4,17.07,0,9.2,7,200,301.46999999999997
CUST_0236,2025-08-26,Premium,4,51.63,11.7,1,8.4,10,600,663.33
CUST_0237,2025-07-13,VIP,1,229.39,22.68,1,8.1,9,200,452.07
CUST_0238,2025-04-16,Premium,4,113.22,12.79,0,9.8,7,600,726.01
CUST_0239,2025-03-08,Economy,3,32.93,15.7,0,10.0,7,180,228.63
CUST_0240,2025-03-15,High Economy,3,30.09,14.83,0,9.0,6,300,344.91999999999996
CUST_0241,2025-02-13,VIP,1,29.18,20.33,1,8.2,8,200,249.51
CUST_0242,2025-02-18,Premium,1,76.11,9.64,0,10.0,10,150,235.75
CUST_0243,2025-03-30,VIP,1,56.34,19.06,0,8.2,10,200,275.40000000000003
CUST_0244,2025-04-25,VIP,2,24.49,1.6,0,8.7,6,400,426.09000000000003
CUST_0245,2025-01-13,Premium,2,6.26,7.54,1,9.5,9,300,313.8
CUST_0246,2025-06-07,Premium,2,38.44,25.54,0,7.4,8,300,363.98
CUST_0247,2025-08-15,Economy,1,79.97,13.12,1,4.9,8,60,153.09
CUST_0248,2025-02-06,Economy,4,16.55,12.69,1,7.3,7,240,269.24
CUST_0249,2025-01-07,Premium,3,39.21,32.63,0,9.2,5,450,521.84
CUST_0250,2025-05-31,High Economy,1,114.5,39.79,0,9.1,9,100,254.29
CUST_0251,2025-08-09,Economy,2,2.05,28.88,1,10.0,6,120,150.93
CUST_0252,2025-07-01,Premium,2,35.7,15.52,0,7.4,7,300,351.21999999999997
CUST_0253,2025-09-07,Premium,1,33.5,12.1,1,10.0,9,150,195.6
CUST_0254,2025-03-12,Economy,1,12.78,9.97,0,8.3,5,60,82.75
CUST_0255,2025-03-13,VIP,2,14.66,20.22,0,8.9,6,400,434.88
CUST_0256,2025-02-19,High Economy,4,90.74,7.01,1,9.4,10,400,497.75
CUST_0257,2025-07-18,High Economy,2,133.54,30.81,0,5.9,8,200,364.34999999999997
CUST_0258,2025-08-29,Premium,2,27.35,23.93,0,6.5,7,300,351.28000000000003
CUST_0259,2025-03-06,Premium,1,100.08,12.68,1,6.4,8,150,262.76
CUST_0260,2025-06-13,Economy,4,54.65,12.54,0,9.6,9,240,307.19
CUST_0261,2025-07-11,VIP,2,46.19,12.47,0,7.5,10,400,458.66
CUST_0262,2025-02-17,Premium,2,136.94,13.7,0,10.0,6,300,450.64
CUST_0263,2025-02-10,Economy,3,26.24,17.7,1,8.0,7,180,223.94
CUST_0264,2025-03-01,High Economy,1,31.87,18.92,1,5.8,9,100,150.79000000000002
CUST_0265,2025-02-16,VIP,3,18.77,45.06,0,7.0,9,600,663.8299999999999
CUST_0266,2025-01-31,Economy,3,76.46,17.68,1,8.2,6,180,274.14
CUST_0267,2025-01-04,Premium,2,134.76,11.53,1,8.8,7,300,446.28999999999996
CUST_0268,2025-03-14,Economy,1,65.18,40.87,0,6.5,8,60,166.05
CUST_0269,2025-03-20,Economy,4,173.2,15.66,0,8.9,8,240,428.86
CUST_0270,2025-07-17,High Economy,2,105.26,0.93,0,9.3,8,200,306.19
CUST_0271,2025-05-14,High Economy,4,118.49,47.2,0,7.0,6,400,565.69
CUST_0272,2025-07-14,Economy,4,65.9,7.56,1,10.0,8,240,313.46
CUST_0273,2025-07-04,VIP,1,27.27,22.29,1,7.2,7,200,249.56
CUST_0274,2025-07-06,Economy,3,51.68,14.55,0,6.5,6,180,246.23000000000002
CUST_0275,2025-03-20,Premium,1,122.25,16.29,0,5.7,8,150,288.54
CUST_0276,2025-06-09,Premium,4,40.47,8.59,0,9.8,8,600,649.0600000000001
CUST_0277,2025-09-04,Premium,2,99.75,6.86,0,8.0,9,300,406.61
CUST_0278,2025-09-03,Economy,4,23.12,31.87,0,7.3,7,240,294.99
CUST_0279,2025-07-06,Economy,2,97.28,16.72,0,5.8,8,120,234.0
CUST_0280,2025-05-01,Premium,2,59.56,13.73,0,7.4,6,300,373.29
CUST_0281,2025-06-25,VIP,1,41.96,13.93,0,10.0,8,200,255.89000000000001
CUST_0282,2025-01-12,Economy,4,58.73,33.63,1,4.8,9,240,332.36
CUST_0283,2025-08-18,High Economy,3,89.45,7.64,0,7.1,9,300,397.09
CUST_0284,2025-09-02,VIP,4,115.47,41.11,0,10.0,9,800,956.58
CUST_0285,2025-06-07,High Economy,4,31.24,19.72,0,9.9,9,400,450.96000000000004
CUST_0286,2025-08-19,High Economy,3,39.1,12.33,0,7.1,7,300,351.43
CUST_0287,2025-07-25,Economy,1,84.43,10.46,0,8.3,9,60,154.89000000000001
CUST_0288,2025-03-26,Premium,4,220.62,9.52,0,8.7,10,600,830.14
CUST_0289,2025-02-16,High Economy,4,199.24,9.17,1,8.2,7,400,608.41
CUST_0290,2025-02-22,High Economy,2,122.58,27.59,0,10.0,10,200,350.16999999999996
CUST_0291,2025-04-13,Economy,4,145.9,6.13,1,8.5,9,240,392.03
CUST_0292,2025-06-09,High Economy,3,25.78,14.58,1,9.7,8,300,340.35999999999996
CUST_0293,2025-05-11,High Economy,2,23.16,18.83,1,8.3,8,200,241.99
CUST_0294,2025-06-15,Premium,1,20.41,7.37,0,5.0,8,150,177.78
CUST_0295,2025-08-01,Economy,2,25.38,4.83,1,6.2,9,120,150.21
CUST_0296,2025-04-17,High Economy,3,82.37,1.99,0,6.5,9,300,384.36
CUST_0297,2025-01-09,VIP,3,57.37,18.41,0,7.6,7,600,675.78
CUST_0298,2025-07-30,High Economy,2,91.51,2.91,1,10.0,5,200,294.42
CUST_0299,2025-02-02,Premium,1,134.91,51.62,0,8.5,9,150,336.53
CUST_0300,2025-09-03,VIP,2,65.27,22.19,0,7.8,5,400,487.46
CUST_0301,2025-08-11,Economy,1,56.82,11.5,0,9.9,6,60,128.32
CUST_0302,2025-08-18,High Economy,2,176.46,11.51,0,5.8,7,200,387.97
CUST_0303,2025-07-01,Economy,3,39.85,18.73,0,7.3,6,180,238.57999999999998
CUST_0304,2025-02-12,Premium,4,16.11,11.94,0,7.0,9,600,628.0500000000001
CUST_0305,2025-02-17,Economy,4,79.82,2.43,1,8.6,8,240,322.25
CUST_0306,2025-01-17,VIP,1,35.04,3.86,1,9.3,9,200,238.9
CUST_0307,2025-04-03,Premium,1,63.19,31.45,1,8.7,6,150,244.64
CUST_0308,2025-01-31,Economy,1,25.53,10.7,0,8.7,7,60,96.23
CUST_0309,2025-02-28,Economy,3,81.95,15.77,0,7.5,8,180,277.71999999999997
CUST_0310,2025-05-04,High Economy,2,55.26,29.42,1,8.5,8,200,284.68
CUST_0311,2025-05-26,Premium,3,53.42,9.9,1,6.7,9,450,513.32
CUST_0312,2025-06-17,Economy,4,92.48,2.22,0,9.0,7,240,334.70000000000005
CUST_0313,2025-05-03,High Economy,1,137.72,16.57,0,7.2,7,100,254.29
CUST_0314,2025-07-13,Economy,2,166.66,19.26,0,6.3,9,120,305.91999999999996
CUST_0315,2025-08-02,Economy,4,91.49,7.59,0,8.1,5,240,339.08
CUST_0316,2025-08-30,VIP,4,58.24,5.4,0,5.1,9,800,863.64
CUST_0317,2025-04-23,VIP,4,58.8,30.6,1,10.0,9,800,889.4
CUST_0318,2025-08-30,High Economy,3,107.25,22.08,0,9.2,6,300,429.33
CUST_0319,2025-04-23,Premium,1,24.53,10.22,0,8.5,8,150,184.75
CUST_0320,2025-04-21,Premium,4,29.76,4.95,0,5.6,10,600,634.71
CUST_0321,2025-07-07,Economy,1,9.57,24.97,0,6.9,9,60,94.53999999999999
CUST_0322,2025-03-07,High Economy,3,112.93,13.04,0,8.1,9,300,425.97
CUST_0323,2025-04-27,Economy,4,149.2,6.92,0,7.6,10,240,396.12
CUST_0324,2025-07-30,High Economy,3,92.04,23.38,0,5.5,10,300,415.42
CUST_0325,2025-05-08,High Economy,3,11.61,13.95,1,6.0,8,300,325.56
CUST_0326,2025-06-03,VIP,1,81.08,19.99,0,7.6,7,200,301.07
CUST_0327,2025-02-14,Premium,4,41.09,23.48,0,6.1,10,600,664.57
CUST_0328,2025-01-04,Premium,3,70.52,2.79,0,10.0,8,450,523.31
CUST_0329,2025-08-26,Premium,4,169.74,6.44,1,8.7,7,600,776.1800000000001
CUST_0330,2025-02-09,Economy,1,28.43,28.39,0,6.8,7,60,116.82000000000001
CUST_0331,2025-09-07,Premium,3,92.51,21.74,1,9.8,9,450,564.25
CUST_0332,2025-03-28,High Economy,1,50.75,29.95,0,9.5,7,100,180.7
CUST_0333,2025-03-01,Premium,4,59.43,8.62,1,8.4,7,600,668.05
CUST_0334,2025-06-03,VIP,4,13.2,14.63,1,7.9,7,800,827.83
CUST_0335,2025-02-02,High Economy,1,42.05,15.2,0,7.6,10,100,157.25
CUST_0336,2025-02-08,Premium,2,20.05,20.39,0,7.2,8,300,340.44
CUST_0337,2025-08-14,Premium,3,96.03,20.02,0,6.0,7,450,566.05
CUST_0338,2025-01-21,VIP,4,60.95,26.98,1,10.0,7,800,887.9300000000001
CUST_0339,2025-01-22,Premium,4,83.67,14.69,0,7.2,9,600,698.36
CUST_0340,2025-06-01,Economy,3,28.84,25.22,0,8.0,9,180,234.06
CUST_0341,2025-08-02,Premium,1,37.74,27.95,1,6.6,7,150,215.69
CUST_0342,2025-04-25,Premium,1,106.29,14.61,1,7.6,8,150,270.90000000000003
CUST_0343,2025-06-14,High Economy,1,45.71,11.31,0,10.0,8,100,157.02
CUST_0344,2025-02-15,Premium,2,36.56,16.61,0,6.9,7,300,353.17
CUST_0345,2025-02-16,Economy,2,96.8,21.93,0,10.0,6,120,238.73000000000002
CUST_0346,2025-05-07,High Economy,4,29.4,84.34,0,8.0,9,400,513.74
CUST_0347,2025-03-22,High Economy,1,38.55,17.18,0,9.0,7,100,155.73000000000002
CUST_0348,2025-08-02,High Economy,3,55.84,8.87,0,9.9,9,300,364.71000000000004
CUST_0349,2025-04-13,Premium,4,77.88,1.83,0,8.4,9,600,679.71
CUST_0350,2025-03-24,High Economy,3,47.84,27.8,1,7.5,8,300,375.64000000000004
CUST_0351,2025-01-02,Premium,4,14.62,4.61,0,7.7,7,600,619.23
CUST_0352,2025-01-23,Economy,2,86.47,73.01,0,7.8,7,120,279.48
CUST_0353,2025-05-17,Premium,4,124.19,21.25,0,10.0,6,600,745.44
CUST_0354,2025-02-06,High Economy,2,35.71,50.72,0,5.8,7,200,286.43
CUST_0355,2025-04-08,High Economy,4,45.1,28.92,0,5.3,9,400,474.02000000000004
CUST_0356,2025-05-11,VIP,1,22.33,13.75,0,5.4,10,200,236.07999999999998
CUST_0357,2025-04-18,Premium,3,57.66,20.65,1,6.7,10,450,528.31
CUST_0358,2025-04-13,Economy,1,26.43,7.05,0,9.1,8,60,93.48
CUST_0359,2025-06-09,Economy,4,145.85,13.46,0,9.1,10,240,399.31
CUST_0360,2025-06-04,Premium,4,43.32,21.47,1,7.1,8,600,664.7900000000001
CUST_0361,2025-04-05,Economy,4,39.04,3.23,0,8.0,6,240,282.27000000000004
CUST_0362,2025-04-21,Economy,2,42.33,11.98,1,6.3,10,120,174.30999999999997
CUST_0363,2025-02-14,Economy,3,29.07,26.94,0,6.5,9,180,236.01
CUST_0364,2025-06-01,VIP,3,63.56,21.14,1,8.9,6,600,684.6999999999999
CUST_0365,2025-04-23,Economy,4,41.85,6.14,0,9.6,10,240,287.99
CUST_0366,2025-04-22,Premium,4,98.9,35.17,1,7.3,7,600,734.0699999999999
CUST_0367,2025-09-04,Economy,2,63.36,16.99,1,10.0,7,120,200.35000000000002
CUST_0368,2025-04-18,High Economy,1,81.1,8.17,0,9.4,10,100,189.26999999999998
CUST_0369,2025-01-19,VIP,1,87.29,3.21,0,10.0,10,200,290.5
CUST_0370,2025-03-10,Economy,3,123.91,32.03,1,7.5,7,180,335.93999999999994
CUST_0371,2025-04-06,Premium,2,37.43,34.59,0,10.0,10,300,372.02
CUST_0372,2025-08-04,Economy,4,30.89,24.89,0,10.0,9,240,295.78
CUST_0373,2025-01-05,Economy,3,35.44,15.43,0,7.4,7,180,230.87
CUST_0374,2025-04-11,High Economy,2,55.04,19.68,1,7.8,8,200,274.71999999999997
CUST_0375,2025-05-31,VIP,1,67.9,26.21,0,6.6,10,200,294.10999999999996
CUST_0376,2025-06-30,High Economy,2,25.02,9.75,0,6.3,6,200,234.77
CUST_0377,2025-07-10,VIP,1,33.37,11.03,0,6.3,10,200,244.4
CUST_0378,2025-05-22,VIP,2,68.1,18.45,1,6.8,9,400,486.55
CUST_0379,2025-01-03,Economy,3,61.77,9.4,1,8.4,9,180,251.17000000000002
CUST_0380,2025-02-17,Premium,1,39.56,9.69,1,6.8,8,150,199.25
CUST_0381,2025-05-07,Premium,3,14.84,18.99,0,8.4,10,450,483.83
CUST_0382,2025-01-19,Economy,3,61.07,31.56,1,8.4,10,180,272.63
CUST_0383,2025-08-29,Premium,1,85.07,30.84,0,7.3,7,150,265.90999999999997
CUST_0384,2025-07-25,Premium,1,82.21,16.49,0,7.9,9,150,248.7
CUST_0385,2025-06-10,Economy,4,44.7,14.7,0,7.2,10,240,299.4
CUST_0386,2025-05-20,VIP,4,25.99,38.63,0,7.5,7,800,864.62
CUST_0387,2025-03-12,Economy,4,18.48,23.81,1,6.8,8,240,282.29
CUST_0388,2025-05-22,Economy,3,24.43,5.08,0,8.1,10,180,209.51000000000002
CUST_0389,2025-01-24,Economy,3,73.9,6.91,0,7.1,5,180,260.81
CUST_0390,2025-01-23,High Economy,4,42.26,25.41,1,6.3,9,400,467.67
CUST_0391,2025-01-14,Premium,3,53.0,29.93,1,8.9,6,450,532.93
CUST_0392,2025-01-07,Premium,3,9.97,2.42,0,8.9,8,450,462.39000000000004
CUST_0393,2025-01-02,Economy,1,101.56,14.44,0,9.7,10,60,176.0
CUST_0394,2025-07-23,Economy,1,122.33,7.34,1,6.5,4,60,189.67
CUST_0395,2025-07-12,High Economy,3,29.17,18.83,0,7.3,9,300,348.0
CUST_0396,2025-03-30,Premium,4,140.79,37.84,0,8.3,10,600,778.63
CUST_0397,2025-04-14,VIP,2,37.42,5.05,0,7.2,7,400,442.47
CUST_0398,2025-08-16,VIP,4,22.54,9.78,0,8.9,9,800,832.3199999999999
CUST_0399,2025-01-03,Economy,2,27.28,13.52,1,8.7,10,120,160.8
CUST_0400,2025-06-18,High Economy,4,34.87,5.25,0,8.7,6,400,440.12
CUST_0401,2025-05-24,Economy,1,31.92,2.38,0,10.0,9,60,94.3
CUST_0402,2025-02-02,Economy,3,39.76,7.7,0,9.0,10,180,227.45999999999998
CUST_0403,2025-07-12,Premium,3,29.31,56.49,0,8.2,9,450,535.8
CUST_0404,2025-01-11,High Economy,1,93.23,12.59,0,7.7,8,100,205.82000000000002
CUST_0405,2025-05-02,High Economy,2,33.12,12.71,0,7.8,7,200,245.83
CUST_0406,2025-01-02,High Economy,2,11.25,25.24,0,6.4,10,200,236.49
CUST_0407,2025-08-25,Economy,2,20.49,14.06,0,5.4,8,120,154.55
CUST_0408,2025-02-04,Economy,1,41.97,40.01,0,8.7,7,60,141.98
CUST_0409,2025-08-17,Economy,2,46.63,18.47,0,9.8,8,120,185.1
CUST_0410,2025-05-15,Premium,1,96.44,8.52,0,7.5,9,150,254.96
CUST_0411,2025-06-03,VIP,4,44.95,26.32,0,10.0,6,800,871.2700000000001
CUST_0412,2025-04-18,Economy,4,60.51,4.67,1,7.7,8,240,305.18
CUST_0413,2025-03-23,VIP,1,36.93,11.53,0,5.1,7,200,248.46
CUST_0414,2025-06-17,Premium,3,62.79,6.77,0,9.4,10,450,519.56
CUST_0415,2025-08-13,VIP,4,9.94,5.68,0,7.3,5,800,815.62
CUST_0416,2025-07-06,High Economy,2,64.26,34.26,1,9.5,9,200,298.52
CUST_0417,2025-04-18,Premium,1,40.92,29.63,0,6.1,10,150,220.55
CUST_0418,2025-07-01,High Economy,2,99.74,18.79,1,8.6,5,200,318.53000000000003
CUST_0419,2025-09-02,Economy,2,104.88,50.49,0,6.8,5,120,275.37
CUST_0420,2025-07-09,VIP,3,69.61,8.04,1,8.3,10,600,677.65
CUST_0421,2025-08-06,VIP,2,37.14,26.04,1,9.1,7,400,463.18
CUST_0422,2025-07-06,Premium,3,38.92,39.45,0,8.8,10,450,528.37
CUST_0423,2025-08-20,Economy,4,21.08,17.64,0,8.1,5,240,278.71999999999997
CUST_0424,2025-02-21,Premium,1,43.41,14.95,0,5.9,8,150,208.35999999999999
CUST_0425,2025-08-30,Premium,2,13.59,9.6,0,9.1,8,300,323.19
CUST_0426,2025-01-31,VIP,1,42.77,25.99,0,9.5,8,200,268.76
CUST_0427,2025-07-05,Economy,2,96.51,4.03,0,6.4,9,120,220.54
CUST_0428,2025-03-04,High Economy,1,34.39,2.51,0,6.7,9,100,136.89999999999998
CUST_0429,2025-06-20,Economy,2,64.34,22.45,0,9.6,8,120,206.79
CUST_0430,2025-02-10,Economy,2,79.85,7.45,0,7.7,7,120,207.29999999999998
CUST_0431,2025-01-18,Premium,2,91.66,8.31,0,6.7,10,300,399.96999999999997
CUST_0432,2025-08-10,Economy,2,34.22,6.39,0,8.4,9,120,160.60999999999999
CUST_0433,2025-05-12,VIP,2,21.44,18.92,1,7.0,8,400,440.36
CUST_0434,2025-05-04,Economy,2,18.78,17.17,0,8.2,9,120,155.95
CUST_0435,2025-03-27,High Economy,2,22.73,6.21,1,7.4,9,200,228.94
CUST_0436,2025-07-05,Economy,2,36.42,16.67,0,7.5,7,120,173.09000000000003
CUST_0437,2025-06-02,VIP,2,13.19,17.96,0,9.7,9,400,431.15
CUST_0438,2025-03-03,Premium,1,27.72,12.67,0,4.3,7,150,190.39
CUST_0439,2025-01-20,Premium,3,102.38,30.77,0,8.8,9,450,583.15
CUST_0440,2025-07-14,Premium,2,97.05,13.68,1,9.4,8,300,410.73
CUST_0441,2025-09-07,Premium,3,5.96,21.38,0,7.1,9,450,477.34
CUST_0442,2025-01-23,Premium,2,215.42,14.15,0,9.4,7,300,529.5699999999999
CUST_0443,2025-03-07,VIP,2,119.16,17.6,1,6.6,9,400,536.76
CUST_0444,2025-08-23,High Economy,1,13.0,13.83,0,7.0,7,100,126.83
CUST_0445,2025-05-23,Economy,4,52.38,6.61,1,6.8,8,240,298.99
CUST_0446,2025-02-04,High Economy,4,33.96,11.15,1,9.4,10,400,445.10999999999996
CUST_0447,2025-04-18,VIP,1,31.1,31.98,0,5.4,9,200,263.08
CUST_0448,2025-08-22,High Economy,3,12.37,38.41,0,10.0,8,300,350.78
CUST_0449,2025-08-14,VIP,4,91.1,21.29,0,7.5,10,800,912.39
CUST_0450,2025-08-06,Economy,1,90.19,18.54,0,8.9,10,60,168.73
CUST_0451,2025-08-09,VIP,1,65.72,4.25,0,8.8,9,200,269.97
CUST_0452,2025-08-04,Economy,4,168.83,18.25,1,8.2,9,240,427.08000000000004
CUST_0453,2025-04-09,Economy,3,44.2,5.76,1,7.1,9,180,229.95999999999998
CUST_0454,2025-02-19,Economy,1,28.31,11.81,0,9.9,10,60,100.12
CUST_0455,2025-01-07,High Economy,2,21.33,18.41,0,7.2,7,200,239.73999999999998
CUST_0456,2025-01-23,Economy,3,24.11,9.01,0,6.9,10,180,213.12
CUST_0457,2025-07-23,Economy,3,117.38,17.21,0,9.3,9,180,314.59
CUST_0458,2025-08-15,High Economy,4,66.5,11.28,1,8.2,7,400,477.78
CUST_0459,2025-05-25,High Economy,4,36.43,17.58,0,10.0,8,400,454.01
CUST_0460,2025-07-02,High Economy,2,29.53,55.24,0,7.9,8,200,284.77
CUST_0461,2025-07-13,High Economy,1,84.75,27.55,0,7.0,7,100,212.3
CUST_0462,2025-04-25,High Economy,4,15.28,12.02,1,8.4,9,400,427.29999999999995
CUST_0463,2025-06-21,High Economy,4,18.48,46.53,0,7.3,8,400,465.01
CUST_0464,2025-06-07,Premium,3,91.39,27.05,1,7.1,8,450,568.4399999999999
CUST_0465,2025-05-09,VIP,4,64.38,9.12,0,9.2,10,800,873.5
CUST_0466,2025-05-07,VIP,4,21.4,8.35,1,10.0,8,800,829.75
CUST_0467,2025-07-19,Premium,4,54.39,28.26,0,7.6,10,600,682.65
CUST_0468,2025-09-01,VIP,4,24.12,16.38,0,6.5,7,800,840.5
CUST_0469,2025-06-06,High Economy,3,52.77,5.67,1,7.8,6,300,358.44
CUST_0470,2025-04-02,Premium,2,47.9,14.86,0,8.8,8,300,362.76
CUST_0471,2025-01-28,Economy,2,34.04,10.37,0,8.4,4,120,164.41
CUST_0472,2025-07-20,VIP,1,34.12,7.44,0,9.8,9,200,241.56
CUST_0473,2025-05-16,Premium,4,19.68,12.83,1,9.0,6,600,632.51
CUST_0474,2025-02-05,Economy,3,37.1,15.64,1,6.3,7,180,232.74
CUST_0475,2025-05-04,High Economy,1,133.33,42.4,0,7.3,9,100,275.73
CUST_0476,2025-08-28,VIP,1,50.35,30.47,0,5.9,8,200,280.82
CUST_0477,2025-01-28,Economy,2,183.75,14.47,1,9.7,7,120,318.22
CUST_0478,2025-03-13,Economy,3,9.2,2.39,0,5.0,5,180,191.58999999999997
CUST_0479,2025-04-26,Premium,3,32.11,7.72,1,6.1,10,450,489.83000000000004
CUST_0480,2025-06-30,Premium,3,74.75,14.32,0,7.2,9,450,539.07
CUST_0481,2025-02-17,Economy,2,215.44,4.44,1,8.8,10,120,339.88
CUST_0482,2025-08-23,High Economy,2,12.93,11.4,1,7.2,7,200,224.33
CUST_0483,2025-08-10,High Economy,2,48.63,23.13,1,7.5,6,200,271.76
CUST_0484,2025-01-25,Economy,2,70.03,22.2,0,7.5,10,120,212.23
CUST_0485,2025-07-01,Premium,2,119.77,8.33,0,8.3,8,300,428.09999999999997
CUST_0486,2025-07-26,High Economy,4,32.43,13.42,0,6.2,9,400,445.85
CUST_0487,2025-03-14,Premium,4,40.21,13.38,0,6.6,10,600,653.59
CUST_0488,2025-06-09,Economy,3,20.28,34.52,0,10.0,9,180,234.8
CUST_0489,2025-06-13,High Economy,1,37.83,21.02,0,8.6,8,100,158.85
CUST_0490,2025-04-21,High Economy,3,44.02,7.65,1,9.1,8,300,351.66999999999996
CUST_0491,2025-07-04,Premium,1,67.38,15.69,0,8.1,6,150,233.07
CUST_0492,2025-07-28,Premium,2,85.67,17.64,0,7.8,10,300,403.31
CUST_0493,2025-08-23,High Economy,1,15.36,19.93,0,8.7,10,100,135.29
CUST_0494,2025-04-22,Economy,3,28.62,10.26,0,9.1,9,180,218.88
CUST_0495,2025-02-04,High Economy,3,64.47,25.75,0,9.3,6,300,390.22
CUST_0496,2025-01-12,VIP,1,10.18,10.55,0,7.8,8,200,220.73000000000002
CUST_0497,2025-01-28,Economy,4,148.45,34.95,1,9.4,10,240,423.4
CUST_0498,2025-01-01,VIP,2,112.05,19.81,0,4.3,7,400,531.8599999999999
CUST_0499,2025-04-09,Economy,2,70.9,16.06,0,9.3,10,120,206.96
CUST_0500,2025-03-17,VIP,3,81.74,30.59,0,7.4,8,600,712.33
CUST_0501,2025-04-25,High Economy,4,106.27,6.49,1,8.8,9,400,512.76
CUST_0502,2025-06-30,VIP,1,110.18,34.32,0,7.0,7,200,344.5
CUST_0503,2025-05-28,Economy,2,72.44,30.34,1,6.0,8,120,222.78
CUST_0504,2025-01-09,High Economy,4,17.04,25.25,0,8.5,9,400,442.29
CUST_0505,2025-06-03,VIP,2,63.52,8.96,1,5.7,6,400,472.47999999999996
CUST_0506,2025-03-17,Premium,4,113.45,26.77,0,7.4,8,600,740.22
CUST_0507,2025-08-18,Premium,4,56.76,35.96,0,6.8,4,600,692.72
CUST_0508,2025-09-04,Premium,3,92.48,18.19,0,7.7,7,450,560.6700000000001
CUST_0509,2025-03-02,Economy,2,82.41,19.85,0,9.2,9,120,222.26
CUST_0510,2025-02-21,High Economy,1,92.04,9.38,0,7.3,10,100,201.42000000000002
CUST_0511,2025-05-07,Economy,3,33.11,20.69,1,8.5,9,180,233.8
CUST_0512,2025-01-08,High Economy,3,90.22,7.53,0,9.1,6,300,397.75
CUST_0513,2025-06-16,High Economy,1,24.75,26.13,1,7.1,10,100,150.88
CUST_0514,2025-04-02,VIP,3,24.92,22.41,1,7.1,6,600,647.3299999999999
CUST_0515,2025-02-15,Premium,4,36.83,10.19,0,10.0,9,600,647.0200000000001
CUST_0516,2025-07-01,Economy,4,78.71,28.73,1,7.9,6,240,347.44
CUST_0517,2025-02-18,Economy,2,62.09,15.07,0,8.8,7,120,197.16
CUST_0518,2025-06-06,Premium,2,58.25,17.72,0,8.8,7,300,375.97
CUST_0519,2025-08-27,Premium,1,41.23,17.07,1,6.2,8,150,208.29999999999998
CUST_0520,2025-03-24,High Economy,2,49.56,15.06,0,6.9,8,200,264.62
CUST_0521,2025-01-05,Economy,4,20.2,10.14,0,8.6,9,240,270.34
CUST_0522,2025-01-21,Premium,1,19.1,20.67,0,4.9,8,150,189.76999999999998
CUST_0523,2025-01-30,High Economy,1,76.2,27.61,0,7.7,6,100,203.81
CUST_0524,2025-04-11,Economy,2,6.57,25.98,1,6.7,8,120,152.54999999999998
CUST_0525,2025-04-06,VIP,4,121.38,6.74,0,9.7,5,800,928.12
CUST_0526,2025-02-25,VIP,1,59.3,15.06,0,8.5,7,200,274.36
CUST_0527,2025-02-08,High Economy,4,34.93,8.58,0,9.8,8,400,443.51
CUST_0528,2025-08-24,Economy,4,2.71,18.66,0,7.9,7,240,261.37
CUST_0529,2025-08-01,Premium,4,25.08,4.47,0,7.8,6,600,629.5500000000001
CUST_0530,2025-06-16,High Economy,2,43.21,4.62,0,7.5,10,200,247.83
CUST_0531,2025-02-12,High Economy,3,6.0,10.12,0,7.2,10,300,316.12
CUST_0532,2025-02-19,High Economy,3,36.22,35.46,0,10.0,10,300,371.68
CUST_0533,2025-05-04,High Economy,1,108.89,17.73,1,9.2,10,100,226.61999999999998
CUST_0534,2025-06-30,High Economy,4,48.66,9.53,0,6.4,7,400,458.18999999999994
CUST_0535,2025-04-02,High Economy,2,122.5,22.36,1,10.0,7,200,344.86
CUST_0536,2025-04-15,High Economy,4,25.84,19.61,1,7.4,7,400,445.45
CUST_0537,2025-02-09,High Economy,4,10.41,38.55,1,8.5,10,400,448.96000000000004
CUST_0538,2025-03-17,High Economy,2,70.56,19.67,1,9.4,8,200,290.23
CUST_0539,2025-03-27,Economy,3,81.2,12.97,0,5.7,10,180,274.17
CUST_0540,2025-07-15,VIP,4,105.64,26.8,0,6.8,10,800,932.4399999999999
CUST_0541,2025-03-08,Economy,4,129.42,6.7,0,10.0,8,240,376.11999999999995
CUST_0542,2025-01-06,Economy,3,48.52,13.79,0,7.7,6,180,242.31
CUST_0543,2025-01-14,Premium,2,114.98,11.08,1,9.5,8,300,426.06
CUST_0544,2025-08-05,High Economy,1,242.67,8.06,0,7.3,8,100,350.72999999999996
CUST_0545,2025-08-14,High Economy,3,94.85,10.19,1,7.9,10,300,405.04
CUST_0546,2025-01-27,Premium,1,26.12,12.72,0,10.0,8,150,188.84
CUST_0547,2025-04-21,Premium,1,49.08,19.13,1,8.7,6,150,218.20999999999998
CUST_0548,2025-02-17,VIP,3,69.11,2.41,0,7.5,10,600,671.52
CUST_0549,2025-03-03,Premium,4,66.22,15.5,0,7.0,8,600,681.72
CUST_0550,2025-08-03,Economy,1,43.36,18.79,0,7.1,4,60,122.15
CUST_0551,2025-03-17,Premium,1,139.02,29.06,1,9.9,9,150,318.08
CUST_0552,2025-02-25,Economy,2,9.99,7.03,0,9.1,9,120,137.02
CUST_0553,2025-09-03,High Economy,4,51.51,25.0,1,6.3,7,400,476.51
CUST_0554,2025-07-06,Economy,1,67.68,10.04,1,8.1,8,60,137.72
CUST_0555,2025-08-20,High Economy,2,27.51,7.86,1,7.9,9,200,235.37
CUST_0556,2025-08-20,VIP,4,109.89,11.33,0,8.5,9,800,921.22
CUST_0557,2025-06-04,High Economy,3,63.46,12.76,1,7.1,6,300,376.21999999999997
CUST_0558,2025-05-30,VIP,3,57.11,7.7,1,9.6,10,600,664.8100000000001
CUST_0559,2025-04-21,High Economy,2,78.42,36.51,0,8.0,10,200,314.93
CUST_0560,2025-07-06,Economy,3,57.58,16.49,0,8.6,7,180,254.07
CUST_0561,2025-02-06,Premium,1,88.85,30.51,0,6.8,5,150,269.36
CUST_0562,2025-07-03,Premium,4,4.74,19.59,0,6.9,9,600,624.33
CUST_0563,2025-07-14,Economy,1,7.37,50.94,0,10.0,7,60,118.31
CUST_0564,2025-03-11,Economy,1,96.17,35.24,1,10.0,9,60,191.41000000000003
CUST_0565,2025-02-15,High Economy,3,49.96,12.23,0,7.9,10,300,362.19
CUST_0566,2025-02-07,Premium,1,26.92,10.28,0,10.0,6,150,187.20000000000002
CUST_0567,2025-02-23,High Economy,3,62.91,21.46,1,9.8,7,300,384.36999999999995
CUST_0568,2025-04-25,Premium,4,48.83,20.62,0,7.1,8,600,669.45
CUST_0569,2025-04-08,Economy,4,24.71,13.94,1,6.9,10,240,278.65
CUST_0570,2025-05-30,Economy,1,194.52,44.74,0,9.0,10,60,299.26
CUST_0571,2025-07-01,Economy,2,139.68,40.07,0,8.4,8,120,299.75
CUST_0572,2025-07-02,Economy,3,30.63,18.15,0,7.4,6,180,228.78
CUST_0573,2025-03-07,VIP,3,31.02,37.11,0,9.1,8,600,668.13
CUST_0574,2025-03-06,Economy,1,25.81,10.61,0,5.8,7,60,96.42
CUST_0575,2025-03-24,Economy,3,35.99,21.47,1,8.2,9,180,237.46
CUST_0576,2025-09-08,VIP,3,83.96,15.7,0,6.1,9,600,699.6600000000001
CUST_0577,2025-03-31,Economy,2,54.32,12.31,1,6.2,6,120,186.63
CUST_0578,2025-02-10,Premium,2,35.5,7.0,0,6.9,7,300,342.5
CUST_0579,2025-04-07,High Economy,1,45.45,24.23,0,8.5,8,100,169.67999999999998
CUST_0580,2025-05-20,Economy,2,35.82,6.58,0,7.0,8,120,162.4
CUST_0581,2025-08-24,High Economy,1,23.64,26.11,0,6.2,8,100,149.75
CUST_0582,2025-03-05,VIP,4,19.82,15.62,1,8.7,8,800,835.44
CUST_0583,2025-01-10,High Economy,1,18.53,61.13,1,10.0,10,100,179.66
CUST_0584,2025-06-26,High Economy,4,62.0,24.81,1,9.0,7,400,486.81
CUST_0585,2025-02-24,Economy,1,103.44,21.22,0,10.0,7,60,184.66
CUST_0586,2025-04-17,High Economy,3,56.77,21.02,0,10.0,6,300,377.78999999999996
CUST_0587,2025-04-23,Premium,2,5.73,4.43,0,7.3,8,300,310.16
CUST_0588,2025-08-03,Economy,4,60.78,2.7,1,8.9,8,240,303.47999999999996
CUST_0589,2025-07-30,High Economy,1,29.53,12.87,0,7.9,5,100,142.4
CUST_0590,2025-05-01,High Economy,2,20.23,19.16,0,9.6,8,200,239.39
CUST_0591,2025-09-04,High Economy,1,13.14,32.88,0,7.9,10,100,146.02
CUST_0592,2025-09-08,Economy,2,20.18,11.35,0,6.8,9,120,151.53
CUST_0593,2025-04-30,High Economy,2,20.77,142.82,0,10.0,9,200,363.59000000000003
CUST_0594,2025-05-22,High Economy,1,9.86,9.03,0,8.5,9,100,118.89
CUST_0595,2025-04-07,VIP,4,20.79,13.71,1,7.0,7,800,834.5
CUST_0596,2025-05-05,VIP,4,73.39,16.39,1,7.3,7,800,889.78
CUST_0597,2025-08-19,Premium,3,117.86,16.3,0,7.0,10,450,584.16
CUST_0598,2025-02-21,Premium,2,6.3,7.12,0,6.5,9,300,313.42
CUST_0599,2025-07-22,High Economy,3,91.85,21.9,0,7.3,7,300,413.75
CUST_0600,2025-02-03,Economy,3,43.44,18.28,1,8.6,5,180,241.72
CUST_0601,2025-07-11,High Economy,1,13.73,23.93,1,8.1,7,100,137.66
CUST_0602,2025-02-18,Economy,1,35.26,2.89,1,7.3,9,60,98.14999999999999
CUST_0603,2025-08-21,Economy,1,70.56,18.77,1,10.0,7,60,149.33
CUST_0604,2025-08-16,Economy,2,51.02,1.93,0,5.0,9,120,172.95000000000002
CUST_0605,2025-07-06,High Economy,1,8.41,14.5,1,8.5,10,100,122.91
CUST_0606,2025-05-27,High Economy,1,47.82,21.37,0,7.8,8,100,169.19
CUST_0607,2025-07-16,High Economy,2,84.14,26.99,0,6.5,8,200,311.13
CUST_0608,2025-04-12,VIP,2,75.09,13.1,1,8.5,9,400,488.19000000000005
CUST_0609,2025-06-19,Premium,4,36.43,10.92,0,7.7,6,600,647.3499999999999
CUST_0610,2025-04-21,Economy,1,49.42,5.65,0,9.9,7,60,115.07000000000001
CUST_0611,2025-07-01,Economy,1,38.12,2.8,0,9.3,9,60,100.92
CUST_0612,2025-03-12,Premium,1,71.93,17.3,0,10.0,8,150,239.23000000000002
CUST_0613,2025-03-31,High Economy,4,75.15,1.29,1,7.3,8,400,476.44
CUST_0614,2025-09-03,Economy,1,4.2,16.98,0,10.0,8,60,81.18
CUST_0615,2025-01-19,VIP,4,84.57,6.71,0,6.3,10,800,891.28
CUST_0616,2025-09-01,Premium,3,68.62,2.43,0,7.8,9,450,521.05
CUST_0617,2025-08-03,Economy,4,29.21,9.45,0,7.3,9,240,278.65999999999997
CUST_0618,2025-04-13,High Economy,3,101.46,9.33,0,8.9,10,300,410.78999999999996
CUST_0619,2025-01-24,VIP,1,38.16,5.5,0,8.9,10,200,243.66
CUST_0620,2025-01-09,High Economy,3,24.28,13.01,0,6.6,10,300,337.28999999999996
CUST_0621,2025-07-13,Economy,4,29.58,18.28,1,9.0,7,240,287.86
CUST_0622,2025-02-10,High Economy,2,51.89,7.78,1,7.4,10,200,259.66999999999996
CUST_0623,2025-05-07,Premium,3,35.14,8.69,0,6.8,6,450,493.83
CUST_0624,2025-06-23,Premium,3,28.88,12.67,0,8.0,10,450,491.55
CUST_0625,2025-06-15,High Economy,1,25.02,20.01,0,5.8,7,100,145.03
CUST_0626,2025-06-30,High Economy,4,77.46,25.44,1,9.4,8,400,502.9
CUST_0627,2025-05-22,Economy,3,73.18,56.28,0,7.9,8,180,309.46000000000004
CUST_0628,2025-02-02,VIP,3,6.01,0.51,1,7.9,7,600,606.52
CUST_0629,2025-07-30,Economy,3,31.17,12.17,1,7.9,8,180,223.34
CUST_0630,2025-02-14,VIP,3,83.02,30.82,1,10.0,7,600,713.84
CUST_0631,2025-08-25,Premium,2,47.0,37.41,1,10.0,6,300,384.40999999999997
CUST_0632,2025-01-17,VIP,4,86.98,38.45,0,10.0,8,800,925.4300000000001
CUST_0633,2025-04-13,Premium,1,106.89,42.03,0,7.9,10,150,298.91999999999996
CUST_0634,2025-08-10,High Economy,1,106.21,46.95,1,6.3,8,100,253.15999999999997
CUST_0635,2025-08-12,High Economy,2,94.87,17.2,0,8.0,9,200,312.07
CUST_0636,2025-03-26,Premium,4,40.51,42.31,0,8.5,7,600,682.8199999999999
CUST_0637,2025-08-16,High Economy,3,32.99,5.99,0,9.2,6,300,338.98
CUST_0638,2025-04-21,VIP,2,44.09,14.52,0,8.5,9,400,458.61
CUST_0639,2025-08-07,Economy,4,35.48,13.64,1,6.5,10,240,289.12
CUST_0640,2025-01-20,Economy,3,96.72,10.75,0,7.2,8,180,287.47
CUST_0641,2025-02-02,Premium,2,73.41,6.27,0,7.1,9,300,379.67999999999995
CUST_0642,2025-02-11,High Economy,4,52.24,33.94,1,8.8,10,400,486.18
CUST_0643,2025-01-24,Premium,1,15.33,15.6,1,8.8,8,150,180.93
CUST_0644,2025-01-24,VIP,1,72.34,16.38,0,9.0,8,200,288.72
CUST_0645,2025-01-25,Premium,4,106.84,6.36,0,8.5,9,600,713.2
CUST_0646,2025-05-29,Economy,1,28.4,22.61,0,4.9,9,60,111.01
CUST_0647,2025-05-26,High Economy,4,98.99,35.01,0,5.4,6,400,534.0
CUST_0648,2025-04-21,VIP,3,68.32,21.08,0,7.8,8,600,689.4
CUST_0649,2025-04-15,Economy,4,203.14,7.42,0,8.1,8,240,450.56
CUST_0650,2025-02-15,High Economy,3,43.39,36.13,1,9.9,7,300,379.52
CUST_0651,2025-07-23,Economy,2,30.05,2.42,0,8.1,8,120,152.47
CUST_0652,2025-06-18,High Economy,4,89.28,25.92,0,6.5,6,400,515.1999999999999
CUST_0653,2025-08-17,High Economy,2,25.96,7.32,0,9.0,6,200,233.28
CUST_0654,2025-02-09,VIP,1,51.51,41.55,0,8.0,8,200,293.06
CUST_0655,2025-01-19,Premium,3,62.82,55.83,1,7.4,9,450,568.6500000000001
CUST_0656,2025-07-12,Economy,4,86.94,9.54,0,5.6,8,240,336.48
CUST_0657,2025-01-24,Premium,2,108.34,12.49,0,8.1,7,300,420.83000000000004
CUST_0658,2025-05-24,Economy,3,171.71,24.03,0,8.3,7,180,375.74
CUST_0659,2025-02-25,High Economy,3,8.47,10.63,1,6.5,9,300,319.1
CUST_0660,2025-03-31,VIP,1,164.16,3.38,0,9.1,10,200,367.53999999999996
CUST_0661,2025-03-27,VIP,1,13.69,43.65,0,9.0,9,200,257.34
CUST_0662,2025-01-28,Premium,3,20.34,11.23,0,8.1,10,450,481.57
CUST_0663,2025-06-16,Economy,3,79.75,20.98,1,8.0,6,180,280.73
CUST_0664,2025-07-31,High Economy,4,55.3,9.09,0,9.4,8,400,464.39
CUST_0665,2025-08-06,Premium,3,18.22,19.37,0,8.6,10,450,487.59000000000003
CUST_0666,2025-07-18,Premium,4,75.63,19.04,0,6.9,6,600,694.67
CUST_0667,2025-05-11,VIP,3,43.22,22.62,0,7.7,7,600,665.84
CUST_0668,2025-01-06,High Economy,1,9.2,10.73,1,8.8,9,100,119.93
CUST_0669,2025-05-20,VIP,4,111.32,6.7,1,5.0,8,800,918.02
CUST_0670,2025-04-17,Economy,2,24.49,9.53,0,6.6,7,120,154.02
CUST_0671,2025-05-23,Premium,1,18.39,63.4,0,9.0,6,150,231.79
CUST_0672,2025-03-20,Premium,4,51.53,27.41,0,9.8,10,600,678.9399999999999
CUST_0673,2025-07-22,High Economy,4,21.97,17.47,0,9.5,5,400,439.44000000000005
CUST_0674,2025-04-11,High Economy,2,75.37,5.39,0,9.3,9,200,280.76
CUST_0675,2025-08-26,Economy,4,42.58,23.28,0,8.2,7,240,305.86
CUST_0676,2025-06-04,High Economy,3,63.44,52.42,0,6.5,10,300,415.86
CUST_0677,2025-01-12,VIP,2,28.24,19.57,0,7.7,6,400,447.81
CUST_0678,2025-08-22,High Economy,1,54.5,24.54,1,5.0,10,100,179.04
CUST_0679,2025-08-09,Premium,1,22.86,7.42,1,10.0,9,150,180.28
CUST_0680,2025-01-24,VIP,3,38.33,17.49,1,6.8,9,600,655.82
CUST_0681,2025-07-14,Economy,1,48.33,50.91,0,7.2,7,60,159.24
CUST_0682,2025-08-06,Economy,4,7.79,13.47,1,9.6,8,240,261.26
CUST_0683,2025-08-31,Economy,4,100.8,37.63,0,5.6,8,240,378.43
CUST_0684,2025-03-13,High Economy,3,11.84,7.05,0,6.2,10,300,318.89
CUST_0685,2025-08-07,High Economy,1,19.76,21.75,1,8.4,9,100,141.51
CUST_0686,2025-02-21,Premium,1,23.5,14.36,0,8.8,9,150,187.86
CUST_0687,2025-05-31,Premium,3,72.84,36.63,0,7.9,9,450,559.47
CUST_0688,2025-04-20,Economy,2,31.08,42.28,0,7.9,9,120,193.35999999999999
CUST_0689,2025-08-09,Premium,1,141.24,19.84,0,9.9,6,150,311.08
CUST_0690,2025-07-09,Economy,2,147.41,20.81,0,9.0,10,120,288.21999999999997
CUST_0691,2025-08-27,Economy,1,74.99,61.21,0,8.8,7,60,196.20000000000002
CUST_0692,2025-04-28,Premium,1,24.72,34.06,1,9.2,8,150,208.78
CUST_0693,2025-08-23,High Economy,1,40.79,7.98,0,7.5,10,100,148.76999999999998
CUST_0694,2025-02-09,High Economy,1,51.62,13.58,0,10.0,10,100,165.20000000000002
CUST_0695,2025-06-13,Premium,4,99.49,14.07,0,4.5,9,600,713.5600000000001
CUST_0696,2025-03-13,Economy,2,38.96,28.15,0,10.0,7,120,187.11
CUST_0697,2025-03-18,High Economy,2,23.43,30.5,1,9.4,8,200,253.93
CUST_0698,2025-07-30,Premium,1,16.25,31.85,0,8.4,8,150,198.1
CUST_0699,2025-01-16,High Economy,1,103.6,2.7,0,8.1,8,100,206.29999999999998
CUST_0700,2025-02-23,Economy,2,75.1,39.78,0,7.8,6,120,234.88
CUST_0701,2025-07-15,Premium,4,36.13,10.85,1,9.7,10,600,646.98
CUST_0702,2025-04-04,Economy,3,38.74,7.56,1,7.9,8,180,226.3
CUST_0703,2025-01-23,Premium,3,19.19,30.22,0,6.9,7,450,499.40999999999997
CUST_0704,2025-02-27,Economy,2,175.42,45.65,0,9.4,7,120,341.06999999999994
CUST_0705,2025-08-31,Economy,1,55.46,35.25,0,10.0,8,60,150.71
CUST_0706,2025-08-11,Premium,1,10.92,22.11,0,5.1,6,150,183.02999999999997
CUST_0707,2025-06-15,Premium,4,13.11,27.24,0,10.0,9,600,640.35
CUST_0708,2025-04-21,Economy,3,34.67,6.11,1,6.4,8,180,220.78000000000003
CUST_0709,2025-04-15,High Economy,4,22.54,6.07,0,6.6,10,400,428.61
CUST_0710,2025-05-03,Economy,3,47.15,57.02,1,6.1,8,180,284.17
CUST_0711,2025-03-10,VIP,2,71.26,16.65,0,8.0,6,400,487.90999999999997
CUST_0712,2025-09-02,Economy,3,20.53,10.8,0,6.1,6,180,211.33
CUST_0713,2025-09-05,Economy,4,36.84,7.33,0,6.3,7,240,284.17
CUST_0714,2025-08-13,Economy,4,15.64,28.56,0,7.0,8,240,284.2
CUST_0715,2025-04-16,VIP,4,146.13,27.52,0,8.2,7,800,973.65
CUST_0716,2025-08-29,High Economy,2,71.2,21.63,0,8.4,8,200,292.83
CUST_0717,2025-02-27,High Economy,3,73.65,29.11,0,9.9,7,300,402.76
CUST_0718,2025-05-18,Premium,3,67.28,23.26,0,9.8,8,450,540.54
CUST_0719,2025-04-23,High Economy,4,22.36,13.44,0,9.5,7,400,435.8
CUST_0720,2025-08-24,VIP,3,56.22,3.95,0,7.6,9,600,660.1700000000001
CUST_0721,2025-06-01,Economy,1,54.4,38.61,0,5.2,8,60,153.01
CUST_0722,2025-01-01,High Economy,1,57.37,28.15,0,5.2,10,100,185.52
CUST_0723,2025-03-20,VIP,1,25.99,30.11,0,9.5,9,200,256.1
CUST_0724,2025-04-16,High Economy,3,27.48,31.7,0,9.3,8,300,359.18
CUST_0725,2025-08-06,High Economy,2,92.57,22.36,1,7.1,8,200,314.93
CUST_0726,2025-03-15,VIP,2,35.14,15.66,1,5.8,6,400,450.8
CUST_0727,2025-08-09,Economy,2,92.59,38.73,0,6.4,10,120,251.32
CUST_0728,2025-07-08,Economy,2,26.15,16.3,0,8.3,7,120,162.45000000000002
CUST_0729,2025-02-01,High Economy,1,25.25,18.97,0,8.3,8,100,144.22
CUST_0730,2025-06-24,VIP,1,24.21,12.44,1,9.6,9,200,236.65
CUST_0731,2025-01-07,Economy,4,45.89,32.37,0,7.3,8,240,318.26
CUST_0732,2025-08-08,High Economy,3,96.4,14.95,0,7.6,10,300,411.34999999999997
CUST_0733,2025-05-20,Premium,3,27.38,24.81,1,9.7,6,450,502.19
CUST_0734,2025-07-12,High Economy,2,25.96,17.04,0,4.8,10,200,243.0
CUST_0735,2025-02-25,High Economy,1,57.21,5.02,0,8.5,9,100,162.23000000000002
CUST_0736,2025-06-25,High Economy,2,12.97,32.16,0,7.5,8,200,245.13
CUST_0737,2025-08-08,High Economy,4,99.98,25.94,0,9.1,8,400,525.9200000000001
CUST_0738,2025-07-28,High Economy,3,47.65,13.99,1,8.8,5,300,361.64
CUST_0739,2025-02-06,Economy,3,48.38,21.84,1,7.0,7,180,250.22
CUST_0740,2025-01-10,Premium,2,105.64,33.05,0,7.2,8,300,438.69
CUST_0741,2025-01-10,Economy,4,127.91,49.45,0,4.5,8,240,417.35999999999996
CUST_0742,2025-03-28,Economy,3,41.62,20.32,0,9.1,10,180,241.94
CUST_0743,2025-05-01,High Economy,4,25.83,17.84,0,8.4,10,400,443.66999999999996
CUST_0744,2025-01-25,High Economy,4,35.05,19.84,0,10.0,8,400,454.89
CUST_0745,2025-01-22,High Economy,2,25.19,12.66,0,7.4,8,200,237.85
CUST_0746,2025-05-16,High Economy,1,18.76,19.24,0,9.4,7,100,138.0
CUST_0747,2025-07-13,Economy,2,16.39,11.81,0,6.4,5,120,148.2
CUST_0748,2025-05-05,High Economy,1,36.55,13.17,0,3.9,7,100,149.72
CUST_0749,2025-05-27,Economy,4,73.05,8.96,0,7.9,8,240,322.01
CUST_0750,2025-01-15,VIP,1,52.37,16.66,0,7.1,10,200,269.03000000000003
CUST_0751,2025-01-09,VIP,4,64.71,17.42,0,6.4,9,800,882.13
CUST_0752,2025-01-15,High Economy,3,57.68,23.28,0,9.3,8,300,380.96000000000004
CUST_0753,2025-04-23,Premium,3,9.15,5.81,0,9.8,7,450,464.96
CUST_0754,2025-03-15,Premium,3,32.71,28.55,0,8.2,5,450,511.26
CUST_0755,2025-04-27,Premium,2,48.43,14.47,0,7.7,5,300,362.90000000000003
CUST_0756,2025-03-30,Premium,2,44.38,1.9,0,8.1,6,300,346.28
CUST_0757,2025-05-03,VIP,4,29.11,26.17,0,7.0,8,800,855.28
CUST_0758,2025-05-10,Economy,3,53.52,12.47,0,8.8,10,180,245.99
CUST_0759,2025-05-31,Premium,2,105.33,48.96,1,5.7,10,300,454.28999999999996
CUST_0760,2025-01-03,Economy,3,68.64,7.41,0,6.4,9,180,256.05
CUST_0761,2025-03-27,Economy,2,92.31,21.27,0,6.8,7,120,233.58
CUST_0762,2025-07-25,Economy,1,113.68,8.28,0,8.8,10,60,181.96
CUST_0763,2025-04-03,VIP,1,87.6,2.05,0,7.5,7,200,289.65000000000003
CUST_0764,2025-07-30,Economy,3,106.73,59.12,0,10.0,9,180,345.85
CUST_0765,2025-06-25,High Economy,4,6.17,14.66,0,9.2,6,400,420.83000000000004
CUST_0766,2025-04-06,High Economy,2,55.16,10.27,0,6.8,6,200,265.43
CUST_0767,2025-02-27,High Economy,2,21.6,26.47,0,9.0,10,200,248.07
CUST_0768,2025-08-15,Economy,1,74.54,20.16,0,7.4,8,60,154.70000000000002
CUST_0769,2025-08-29,Premium,1,82.45,2.12,0,8.7,7,150,234.57
CUST_0770,2025-03-24,Economy,4,22.08,8.75,1,9.3,10,240,270.83
CUST_0771,2025-08-20,High Economy,4,86.0,8.83,0,9.7,10,400,494.83
CUST_0772,2025-05-05,Economy,4,46.82,4.97,1,8.3,7,240,291.79
CUST_0773,2025-07-24,Economy,3,48.06,12.54,1,10.0,8,180,240.6
CUST_0774,2025-02-06,Premium,1,86.18,15.15,0,8.7,8,150,251.33
CUST_0775,2025-06-28,Economy,3,24.48,31.34,0,8.2,4,180,235.82
CUST_0776,2025-09-03,VIP,1,85.74,18.04,0,7.5,6,200,303.78000000000003
CUST_0777,2025-06-13,VIP,1,24.62,3.93,1,7.1,9,200,228.55
CUST_0778,2025-06-24,VIP,2,46.46,9.75,1,8.6,7,400,456.21
CUST_0779,2025-05-27,Premium,1,24.47,25.44,0,8.2,9,150,199.91
CUST_0780,2025-01-07,High Economy,1,58.11,18.86,1,8.4,8,100,176.97000000000003
CUST_0781,2025-08-12,VIP,3,56.71,11.83,0,8.7,10,600,668.5400000000001
CUST_0782,2025-03-31,VIP,1,51.46,3.55,0,8.4,6,200,255.01000000000002
CUST_0783,2025-04-26,Economy,3,33.04,52.95,1,10.0,9,180,265.99
CUST_0784,2025-01-07,Economy,4,79.49,62.49,1,7.2,8,240,381.98
CUST_0785,2025-03-19,Economy,1,7.03,21.54,0,8.6,7,60,88.57
CUST_0786,2025-06-10,Economy,1,41.26,14.15,1,7.7,7,60,115.41
CUST_0787,2025-04-04,Economy,3,94.53,10.32,1,4.3,8,180,284.84999999999997
CUST_0788,2025-01-30,VIP,4,108.35,19.44,1,7.7,9,800,927.7900000000001
CUST_0789,2025-02-07,Premium,2,54.38,40.01,1,6.6,8,300,394.39
CUST_0790,2025-04-24,Economy,4,54.61,15.7,1,7.9,8,240,310.31
CUST_0791,2025-06-13,Premium,3,18.03,8.69,0,8.0,7,450,476.71999999999997
CUST_0792,2025-05-22,High Economy,4,22.64,49.5,1,8.6,7,400,472.14
CUST_0793,2025-04-02,VIP,3,5.63,7.65,0,7.2,7,600,613.28
CUST_0794,2025-09-04,Premium,3,60.93,10.47,1,7.4,7,450,521.4
CUST_0795,2025-01-22,High Economy,2,148.3,20.37,0,9.1,9,200,368.67
CUST_0796,2025-01-20,High Economy,1,107.5,8.03,0,6.8,9,100,215.53
CUST_0797,2025-02-13,High Economy,3,16.45,25.76,0,5.2,6,300,342.21
CUST_0798,2025-02-28,High Economy,3,20.76,13.31,0,8.2,7,300,334.07
CUST_0799,2025-03-28,VIP,2,99.03,4.54,0,9.6,7,400,503.57
CUST_0800,2025-08-11,VIP,3,46.51,26.25,1,9.0,8,600,672.76
